{"cameraMode":{"drawMode":0,"name":"Shaded","section":"Shading Mode"},"sceneLighting":true,"audioPlay":false,"sceneViewState":{"showFog":true,"showMaterialUpdate":false,"showSkybox":true,"showFlares":true,"showImageEffects":true,"showParticleSystems":true},"in2DMode":false,"pivot":{"x":0.20379924774169923,"y":6.322893142700195,"z":-2.6339049339294435},"rotation":{"x":0.14104685187339784,"y":0.6934933662414551,"z":-0.14130054414272309,"w":0.6922498941421509},"size":6.724557876586914,"orthographic":true}